Timestamp,Price,RSI,MACD,Stochastic_K,Trend,Signal
2024-11-28 06:57:09,"96,326.50",56.71,52.8481,38.49,Bullish,游리 HOLD
2024-11-28 06:57:12,"96,326.50",56.71,52.8481,38.49,Bullish,游리 HOLD
2024-11-28 06:57:14,"96,315.90",56.11,52.0025,36.32,Bullish,游리 HOLD
2024-11-28 06:57:16,"96,315.90",56.11,52.0025,36.32,Bullish,游리 HOLD
2024-11-28 06:57:18,"96,331.30",56.98,53.231,39.47,Bullish,游리 HOLD
2024-11-28 06:57:20,"96,324.40",56.59,52.6805,38.06,Bullish,游리 HOLD
2024-11-28 06:57:22,"96,324.40",56.59,52.6805,38.06,Bullish,游리 HOLD
2024-11-28 06:57:25,"96,300.00",55.17,50.7341,33.07,Bullish,游리 HOLD
2024-11-28 06:57:27,"96,281.70",54.03,49.2743,29.34,Bullish,游리 HOLD
2024-11-28 06:57:29,"96,281.60",54.03,49.2663,29.32,Bullish,游리 HOLD
2024-11-28 06:57:31,"96,281.70",54.03,49.2743,29.34,Bullish,游리 HOLD
2024-11-28 06:57:33,"96,281.50",54.02,49.2583,29.3,Bullish,游리 HOLD
2024-11-28 06:57:35,"96,281.60",54.03,49.2663,29.32,Bullish,游리 HOLD
2024-11-28 06:57:37,"96,272.10",53.42,48.5085,27.37,Bullish,游리 HOLD
2024-11-28 06:57:39,"96,281.50",54.02,49.2583,29.3,Bullish,游리 HOLD
2024-11-28 06:57:42,"96,281.50",54.02,49.2583,29.3,Bullish,游리 HOLD
2024-11-28 06:57:44,"96,284.70",54.22,49.5136,29.95,Bullish,游리 HOLD
2024-11-28 06:57:46,"96,284.60",54.22,49.5056,29.93,Bullish,游리 HOLD
2024-11-28 06:57:48,"96,284.70",54.22,49.5136,29.95,Bullish,游리 HOLD
2024-11-28 06:57:50,"96,284.70",54.22,49.5136,29.95,Bullish,游리 HOLD
2024-11-28 06:57:52,"96,284.60",54.22,49.5056,29.93,Bullish,游리 HOLD
2024-11-28 06:57:54,"96,284.70",54.22,49.5136,29.95,Bullish,游리 HOLD
2024-11-28 06:57:57,"96,284.60",54.22,49.5056,29.93,Bullish,游리 HOLD
2024-11-28 06:57:59,"96,284.60",54.22,49.5056,29.93,Bullish,游리 HOLD
2024-11-28 06:58:01,"96,284.70",54.22,49.5136,29.95,Bullish,游리 HOLD
2024-11-28 06:58:03,"96,263.00",52.82,47.7825,25.52,Bullish,游리 HOLD
2024-11-28 06:58:05,"96,262.10",52.76,47.7107,25.33,Bullish,游리 HOLD
2024-11-28 06:58:07,"96,254.30",52.23,47.0885,23.74,Bullish,游리 HOLD
2024-11-28 06:58:09,"96,254.30",52.23,47.0885,23.74,Bullish,游리 HOLD
2024-11-28 06:58:12,"96,254.30",52.23,47.0885,23.74,Bullish,游리 HOLD
2024-11-28 06:58:14,"96,265.40",52.98,47.974,26.01,Bullish,游리 HOLD
2024-11-28 06:58:16,"96,259.50",52.58,47.5033,24.8,Bullish,游리 HOLD
2024-11-28 06:58:18,"96,265.70",53.0,47.9979,26.07,Bullish,游리 HOLD
2024-11-28 06:58:20,"96,265.60",52.99,47.99,26.05,Bullish,游리 HOLD
2024-11-28 06:58:22,"96,265.60",52.99,47.99,26.05,Bullish,游리 HOLD
2024-11-28 06:58:24,"96,265.60",52.99,47.99,26.05,Bullish,游리 HOLD
2024-11-28 06:58:26,"96,261.00",52.68,47.623,25.11,Bullish,游리 HOLD
2024-11-28 06:58:29,"96,260.90",52.68,47.615,25.09,Bullish,游리 HOLD
2024-11-28 06:58:31,"96,260.90",52.68,47.615,25.09,Bullish,游리 HOLD
2024-11-28 06:58:33,"96,260.90",52.68,47.615,25.09,Bullish,游리 HOLD
2024-11-28 06:58:35,"96,236.80",51.0,45.6925,20.16,Bullish,游리 HOLD
2024-11-28 06:58:37,"96,236.60",50.98,45.6766,20.12,Bullish,游리 HOLD
2024-11-28 06:58:39,"96,227.70",50.33,44.9666,18.3,Bullish,游댯 BUY
2024-11-28 06:58:41,"96,227.80",50.34,44.9746,18.32,Bullish,游리 HOLD
2024-11-28 06:58:44,"96,227.70",50.33,44.9666,18.3,Bullish,游리 HOLD
2024-11-28 06:58:46,"96,227.80",50.34,44.9746,18.32,Bullish,游리 HOLD
2024-11-28 06:58:48,"96,227.80",50.34,44.9746,18.32,Bullish,游리 HOLD
2024-11-28 06:58:50,"96,237.00",51.01,45.7085,20.2,Bullish,游리 HOLD
2024-11-28 06:58:52,"96,265.60",52.99,47.99,26.05,Bullish,游리 HOLD
2024-11-28 06:58:54,"96,269.20",53.23,48.2771,26.78,Bullish,游리 HOLD
2024-11-28 06:58:56,"96,269.20",53.23,48.2771,26.78,Bullish,游리 HOLD
2024-11-28 06:58:59,"96,276.90",53.73,48.8914,28.36,Bullish,游리 HOLD
2024-11-28 06:59:01,"96,276.90",53.73,48.8914,28.36,Bullish,游리 HOLD
2024-11-28 06:59:03,"96,271.00",53.34,48.4207,27.15,Bullish,游리 HOLD
2024-11-28 06:59:05,"96,271.10",53.35,48.4287,27.17,Bullish,游리 HOLD
2024-11-28 06:59:07,"96,271.00",53.34,48.4207,27.15,Bullish,游리 HOLD
2024-11-28 06:59:09,"96,265.50",52.98,47.982,26.03,Bullish,游리 HOLD
2024-11-28 06:59:11,"96,265.50",52.98,47.982,26.03,Bullish,游리 HOLD
2024-11-28 06:59:13,"96,265.00",52.95,47.9421,25.92,Bullish,游리 HOLD
2024-11-28 06:59:16,"96,264.90",52.94,47.9341,25.9,Bullish,游리 HOLD
2024-11-28 06:59:18,"96,264.90",52.94,47.9341,25.9,Bullish,游리 HOLD
2024-11-28 06:59:20,"96,259.20",52.56,47.4794,24.74,Bullish,游리 HOLD
2024-11-28 06:59:22,"96,263.90",52.88,47.8543,25.7,Bullish,游리 HOLD
2024-11-28 06:59:24,"96,263.90",52.88,47.8543,25.7,Bullish,游리 HOLD
2024-11-28 06:59:26,"96,263.90",52.88,47.8543,25.7,Bullish,游리 HOLD
2024-11-28 06:59:28,"96,283.00",54.12,49.378,29.6,Bullish,游리 HOLD
2024-11-28 06:59:31,"96,283.00",54.12,49.378,29.6,Bullish,游리 HOLD
2024-11-28 06:59:33,"96,290.20",54.57,49.9523,31.07,Bullish,游리 HOLD
2024-11-28 06:59:35,"96,290.20",54.57,49.9523,31.07,Bullish,游리 HOLD
2024-11-28 06:59:37,"96,299.80",55.15,50.7182,33.03,Bullish,游리 HOLD
2024-11-28 06:59:39,"96,299.80",55.15,50.7182,33.03,Bullish,游리 HOLD
2024-11-28 06:59:41,"96,295.10",54.87,50.3432,32.07,Bullish,游리 HOLD
2024-11-28 06:59:43,"96,295.10",54.87,50.3432,32.07,Bullish,游리 HOLD
2024-11-28 06:59:46,"96,305.00",55.47,51.133,34.1,Bullish,游리 HOLD
2024-11-28 06:59:48,"96,305.00",55.47,51.133,34.1,Bullish,游리 HOLD
2024-11-28 06:59:50,"96,300.30",55.18,50.758,33.14,Bullish,游리 HOLD
2024-11-28 06:59:52,"96,300.30",55.18,50.758,33.14,Bullish,游리 HOLD
2024-11-28 06:59:54,"96,298.20",55.06,50.5905,32.71,Bullish,游리 HOLD
2024-11-28 06:59:56,"96,302.90",55.34,50.9654,33.67,Bullish,游리 HOLD
2024-11-28 06:59:58,"96,285.50",54.27,49.5774,30.11,Bullish,游리 HOLD
2024-11-28 07:00:01,"96,285.50",54.27,49.5774,30.11,Bullish,游리 HOLD
2024-11-28 07:00:03,"96,261.50",52.41,48.9846,25.21,Bullish,游리 HOLD
2024-11-28 07:00:05,"96,260.20",52.3,48.8809,24.94,Bullish,游리 HOLD
2024-11-28 07:00:07,"96,260.20",52.3,48.8809,24.94,Bullish,游리 HOLD
2024-11-28 07:00:09,"96,237.50",50.5,47.0701,20.31,Bullish,游리 HOLD
2024-11-28 07:00:11,"96,237.50",50.5,47.0701,20.31,Bullish,游리 HOLD
2024-11-28 07:00:13,"96,224.80",49.54,46.057,17.71,Bullish,游댯 BUY
2024-11-28 07:00:16,"96,221.10",49.27,45.7619,16.96,Bullish,游리 HOLD
2024-11-28 07:00:18,"96,221.20",49.28,45.7698,16.98,Bullish,游리 HOLD
2024-11-28 07:00:20,"96,221.20",49.28,45.7698,16.98,Bullish,游리 HOLD
2024-11-28 07:00:22,"96,227.20",49.72,46.2485,18.2,Bullish,游리 HOLD
2024-11-28 07:00:24,"96,221.30",49.28,45.7778,17.0,Bullish,游리 HOLD
2024-11-28 07:00:26,"96,233.20",50.17,46.7271,19.43,Bullish,游리 HOLD
2024-11-28 07:00:28,"96,221.20",49.28,45.7698,16.98,Bullish,游리 HOLD
2024-11-28 07:00:31,"96,213.60",48.73,45.1636,15.42,Bearish,游리 HOLD
2024-11-28 07:00:33,"96,213.10",48.69,45.1237,15.32,Bearish,游리 HOLD
2024-11-28 07:00:35,"96,207.20",48.27,44.653,14.12,Bearish,游리 HOLD
2024-11-28 07:00:37,"96,203.60",48.02,44.3658,13.38,Bearish,游리 HOLD
2024-11-28 07:00:39,"96,203.60",48.02,44.3658,13.38,Bearish,游리 HOLD
2024-11-28 07:00:41,"96,207.10",48.26,44.645,14.1,Bearish,游리 HOLD
2024-11-28 07:00:43,"96,207.10",48.26,44.645,14.1,Bearish,游리 HOLD
2024-11-28 07:00:46,"96,197.80",47.62,43.9032,12.2,Bearish,游리 HOLD
2024-11-28 07:00:48,"96,208.00",48.33,44.7168,14.28,Bearish,游리 HOLD
2024-11-28 07:00:50,"96,207.90",48.32,44.7089,14.26,Bearish,游리 HOLD
2024-11-28 07:00:52,"96,208.00",48.33,44.7168,14.28,Bearish,游리 HOLD
2024-11-28 07:00:54,"96,207.90",48.32,44.7089,14.26,Bearish,游리 HOLD
2024-11-28 07:00:56,"96,207.90",48.32,44.7089,14.26,Bearish,游리 HOLD
2024-11-28 07:00:58,"96,207.90",48.32,44.7089,14.26,Bearish,游리 HOLD
2024-11-28 07:01:01,"96,189.70",47.07,43.257,10.54,Bearish,游리 HOLD
2024-11-28 07:01:03,"96,189.60",47.07,43.249,10.52,Bearish,游리 HOLD
2024-11-28 07:01:05,"96,213.00",48.68,45.1157,15.3,Bearish,游리 HOLD
2024-11-28 07:01:07,"96,221.00",49.26,45.7539,16.94,Bullish,游댯 BUY
2024-11-28 07:01:09,"96,223.00",49.41,45.9134,17.34,Bullish,游리 HOLD
2024-11-28 07:01:11,"96,223.00",49.41,45.9134,17.34,Bullish,游리 HOLD
2024-11-28 07:01:13,"96,202.20",47.92,44.2542,13.09,Bearish,游리 HOLD
2024-11-28 08:04:53,"96,388.80",54.35,55.8776,69.61,Bullish,游리 HOLD
2024-11-28 08:04:55,"96,409.20",55.76,57.5049,75.34,Bullish,游리 HOLD
2024-11-28 08:04:55,"96,396.10",54.86,56.4599,71.66,Bullish,游리 HOLD
2024-11-28 08:04:57,"96,409.20",55.76,57.5049,75.34,Bullish,游리 HOLD
2024-11-28 08:04:59,"96,409.20",55.76,57.5049,75.34,Bullish,游리 HOLD
2024-11-28 08:05:02,"96,409.20",55.76,57.5049,75.34,Bullish,游리 HOLD
2024-11-28 08:05:04,"96,409.20",55.75,57.0288,75.34,Bullish,游리 HOLD
2024-11-28 08:05:06,"96,404.20",55.26,56.6299,73.93,Bullish,游리 HOLD
2024-11-28 08:05:08,"96,404.10",55.25,56.6219,73.9,Bullish,游리 HOLD
2024-11-28 08:05:10,"96,404.10",55.25,56.6219,73.9,Bullish,游리 HOLD
2024-11-28 08:05:12,"96,404.20",55.26,56.6299,73.93,Bullish,游리 HOLD
2024-11-28 08:05:14,"96,400.90",54.95,56.3667,73.01,Bullish,游리 HOLD
2024-11-28 08:05:14,"96,400.80",54.94,56.3587,72.98,Bullish,游리 HOLD
2024-11-28 08:05:17,"96,405.50",55.39,56.7336,74.3,Bullish,游리 HOLD
2024-11-28 08:05:17,"96,400.90",54.95,56.3667,73.01,Bullish,游리 HOLD
2024-11-28 08:05:19,"96,405.50",55.39,56.7336,74.3,Bullish,游리 HOLD
2024-11-28 08:05:19,"96,405.60",55.4,56.7416,74.33,Bullish,游리 HOLD
2024-11-28 08:05:21,"96,409.90",55.81,57.0846,75.53,Bullish,游리 HOLD
2024-11-28 08:05:21,"96,409.90",55.81,57.0846,75.53,Bullish,游리 HOLD
2024-11-28 08:05:23,"96,409.90",55.81,57.0846,75.53,Bullish,游리 HOLD
2024-11-28 08:05:23,"96,410.00",55.81,57.0926,75.56,Bullish,游리 HOLD
2024-11-28 08:05:25,"96,410.00",55.81,57.0926,75.56,Bullish,游리 HOLD
2024-11-28 08:05:25,"96,410.00",55.81,57.0926,75.56,Bullish,游리 HOLD
2024-11-28 08:05:27,"96,419.90",56.57,57.8823,78.34,Bullish,游리 HOLD
2024-11-28 08:05:27,"96,419.80",56.56,57.8744,78.31,Bullish,游리 HOLD
2024-11-28 08:05:29,"96,419.90",56.57,57.8823,78.34,Bullish,游리 HOLD
2024-11-28 08:05:29,"96,419.90",56.57,57.8823,78.34,Bullish,游리 HOLD
2024-11-28 08:05:32,"96,420.10",56.59,57.8983,78.4,Bullish,游리 HOLD
2024-11-28 08:05:32,"96,420.10",56.59,57.8983,78.4,Bullish,游리 HOLD
2024-11-28 08:05:34,"96,410.70",55.87,57.1484,75.76,Bullish,游리 HOLD
2024-11-28 08:05:34,"96,410.60",55.86,57.1405,75.73,Bullish,游리 HOLD
2024-11-28 08:05:36,"96,420.10",56.59,57.8983,78.4,Bullish,游리 HOLD
2024-11-28 08:05:36,"96,420.20",56.59,57.9063,78.43,Bullish,游리 HOLD
2024-11-28 08:05:38,"96,420.20",56.59,57.9063,78.43,Bullish,游리 HOLD
2024-11-28 08:05:38,"96,420.20",56.59,57.9063,78.43,Bullish,游리 HOLD
2024-11-28 08:05:40,"96,420.10",56.59,57.8983,78.4,Bullish,游리 HOLD
2024-11-28 08:05:40,"96,420.20",56.59,57.9063,78.43,Bullish,游리 HOLD
2024-11-28 08:05:42,"96,420.10",56.59,57.8983,78.4,Bullish,游리 HOLD
2024-11-28 08:05:42,"96,420.10",56.59,57.8983,78.4,Bullish,游리 HOLD
2024-11-28 08:05:44,"96,420.90",56.65,57.9621,78.62,Bullish,游리 HOLD
2024-11-28 08:05:44,"96,420.90",56.65,57.9621,78.62,Bullish,游리 HOLD
2024-11-28 08:05:47,"96,420.90",56.65,57.9621,78.62,Bullish,游리 HOLD
2024-11-28 08:05:47,"96,420.90",56.65,57.9621,78.62,Bullish,游리 HOLD
2024-11-28 08:05:49,"96,421.00",56.65,57.9701,78.65,Bullish,游리 HOLD
2024-11-28 08:05:49,"96,421.00",56.65,57.9701,78.65,Bullish,游리 HOLD
2024-11-28 08:05:51,"96,414.10",56.13,57.4197,76.71,Bullish,游리 HOLD
2024-11-28 08:05:51,"96,414.00",56.12,57.4117,76.69,Bullish,游리 HOLD
2024-11-28 08:05:53,"96,400.00",54.86,56.2949,72.75,Bullish,游리 HOLD
2024-11-28 08:05:53,"96,414.00",56.12,57.4117,76.69,Bullish,游리 HOLD
2024-11-28 08:05:55,"96,400.00",54.86,56.2949,72.75,Bullish,游리 HOLD
2024-11-28 08:05:55,"96,400.00",54.86,56.2949,72.75,Bullish,游리 HOLD
2024-11-28 08:05:57,"96,400.00",54.86,56.2949,72.75,Bullish,游리 HOLD
2024-11-28 08:05:57,"96,393.40",54.24,55.7684,70.9,Bullish,游리 HOLD
2024-11-28 08:05:59,"96,388.00",53.74,55.3376,69.38,Bullish,游리 HOLD
2024-11-28 08:05:59,"96,380.10",53.03,54.7074,67.16,Bullish,游리 HOLD
2024-11-28 08:06:02,"96,380.10",53.03,54.7074,67.16,Bullish,游리 HOLD
2024-11-28 08:06:02,"96,380.10",53.03,54.7074,67.16,Bullish,游리 HOLD
2024-11-28 08:06:04,"96,380.00",53.02,54.6994,67.13,Bullish,游리 HOLD
2024-11-28 08:06:04,"96,380.00",53.02,54.6994,67.13,Bullish,游리 HOLD
2024-11-28 08:06:06,"96,376.90",52.75,54.4521,66.26,Bullish,游리 HOLD
2024-11-28 08:06:06,"96,370.90",52.23,53.9735,64.58,Bullish,游리 HOLD
2024-11-28 08:06:08,"96,376.60",52.72,54.4282,66.18,Bullish,游리 HOLD
2024-11-28 08:06:08,"96,376.60",52.72,54.4282,66.18,Bullish,游리 HOLD
2024-11-28 08:06:10,"96,370.90",52.23,53.9735,64.58,Bullish,游리 HOLD
2024-11-28 08:06:10,"96,370.90",52.23,53.9735,64.58,Bullish,游리 HOLD
2024-11-28 08:06:12,"96,371.00",52.24,53.9815,64.61,Bullish,游리 HOLD
2024-11-28 08:06:12,"96,371.00",52.24,53.9815,64.61,Bullish,游리 HOLD
2024-11-28 08:06:14,"96,371.00",52.24,53.9815,64.61,Bullish,游리 HOLD
2024-11-28 08:06:14,"96,371.00",52.24,53.9815,64.61,Bullish,游리 HOLD
2024-11-28 08:06:16,"96,359.00",51.22,53.0242,61.24,Bullish,游리 HOLD
2024-11-28 08:06:17,"96,352.90",50.72,52.5376,59.52,Bullish,游리 HOLD
2024-11-28 08:06:19,"96,352.90",50.72,52.5376,59.52,Bullish,游리 HOLD
2024-11-28 08:06:19,"96,352.90",50.72,52.5376,59.52,Bullish,游리 HOLD
2024-11-28 08:06:21,"96,352.90",50.72,52.5376,59.52,Bullish,游리 HOLD
2024-11-28 08:06:21,"96,352.90",50.72,52.5376,59.52,Bullish,游리 HOLD
2024-11-28 08:06:23,"96,352.90",50.72,52.5376,59.52,Bullish,游리 HOLD
2024-11-28 08:06:23,"96,352.90",50.72,52.5376,59.52,Bullish,游리 HOLD
2024-11-28 08:06:25,"96,343.20",49.95,51.7638,56.8,Bullish,游리 HOLD
2024-11-28 08:06:25,"96,343.10",49.94,51.7558,56.77,Bullish,游리 HOLD
2024-11-28 08:06:27,"96,347.80",50.31,52.1308,58.09,Bullish,游리 HOLD
2024-11-28 08:06:27,"96,347.80",50.31,52.1308,58.09,Bullish,游리 HOLD
2024-11-28 08:06:29,"96,347.90",50.32,52.1387,58.12,Bullish,游리 HOLD
2024-11-28 08:06:30,"96,347.90",50.32,52.1387,58.12,Bullish,游리 HOLD
2024-11-28 08:06:31,"96,347.80",50.31,52.1308,58.09,Bullish,游리 HOLD
2024-11-28 08:06:32,"96,347.80",50.31,52.1308,58.09,Bullish,游리 HOLD
2024-11-28 08:06:34,"96,347.90",50.32,52.1387,58.12,Bullish,游리 HOLD
2024-11-28 08:06:34,"96,347.90",50.32,52.1387,58.12,Bullish,游리 HOLD
2024-11-28 08:06:36,"96,347.80",50.31,52.1308,58.09,Bullish,游리 HOLD
2024-11-28 08:06:36,"96,347.80",50.31,52.1308,58.09,Bullish,游리 HOLD
2024-11-28 08:06:38,"96,347.80",50.31,52.1308,58.09,Bullish,游리 HOLD
2024-11-28 08:06:38,"96,347.80",50.31,52.1308,58.09,Bullish,游리 HOLD
2024-11-28 08:06:40,"96,357.60",51.11,52.9125,60.84,Bullish,游리 HOLD
2024-11-28 08:06:40,"96,347.80",50.31,52.1308,58.09,Bullish,游리 HOLD
2024-11-28 08:06:42,"96,357.60",51.11,52.9125,60.84,Bullish,游리 HOLD
2024-11-28 08:06:42,"96,357.60",51.11,52.9125,60.84,Bullish,游리 HOLD
2024-11-28 08:06:44,"96,348.60",50.38,52.1946,58.31,Bullish,游리 HOLD
2024-11-28 08:06:45,"96,348.60",50.38,52.1946,58.31,Bullish,游리 HOLD
2024-11-28 08:06:47,"96,347.80",50.31,52.1308,58.09,Bullish,游리 HOLD
2024-11-28 08:06:47,"96,347.80",50.31,52.1308,58.09,Bullish,游리 HOLD
2024-11-28 08:06:49,"96,347.80",50.31,52.1308,58.09,Bullish,游리 HOLD
2024-11-28 08:06:49,"96,347.80",50.31,52.1308,58.09,Bullish,游리 HOLD
2024-11-28 08:06:51,"96,347.80",50.31,52.1308,58.09,Bullish,游리 HOLD
2024-11-28 08:06:51,"96,347.80",50.31,52.1308,58.09,Bullish,游리 HOLD
2024-11-28 08:06:53,"96,347.80",50.31,52.1308,58.09,Bullish,游리 HOLD
2024-11-28 08:06:53,"96,347.80",50.31,52.1308,58.09,Bullish,游리 HOLD
2024-11-28 08:06:55,"96,347.90",50.32,52.1387,58.12,Bullish,游리 HOLD
2024-11-28 08:06:55,"96,347.80",50.31,52.1308,58.09,Bullish,游리 HOLD
2024-11-28 08:06:57,"96,343.10",49.94,51.7558,56.77,Bullish,游리 HOLD
2024-11-28 08:06:57,"96,343.10",49.94,51.7558,56.77,Bullish,游리 HOLD
2024-11-28 08:06:59,"96,343.10",49.94,51.7558,56.77,Bullish,游리 HOLD
2024-11-28 08:07:00,"96,343.10",49.94,51.7558,56.77,Bullish,游리 HOLD
2024-11-28 08:07:02,"96,343.10",49.94,51.7558,56.77,Bullish,游리 HOLD
2024-11-28 08:07:02,"96,334.20",49.25,51.0459,54.27,Bullish,游리 HOLD
2024-11-28 08:07:04,"96,334.20",49.25,51.0459,54.27,Bullish,游리 HOLD
2024-11-28 08:07:04,"96,334.20",49.25,51.0459,54.27,Bullish,游리 HOLD
2024-11-28 08:07:06,"96,334.20",49.25,51.0459,54.27,Bullish,游리 HOLD
2024-11-28 08:07:06,"96,334.30",49.26,51.0538,54.3,Bullish,游리 HOLD
2024-11-28 08:07:08,"96,334.20",49.25,51.0459,54.27,Bullish,游리 HOLD
2024-11-28 08:07:08,"96,334.30",49.26,51.0538,54.3,Bullish,游리 HOLD
2024-11-28 08:07:10,"96,334.20",49.25,51.0459,54.27,Bullish,游리 HOLD
2024-11-28 08:07:10,"96,334.20",49.25,51.0459,54.27,Bullish,游리 HOLD
2024-11-28 08:07:12,"96,334.20",49.25,51.0459,54.27,Bullish,游리 HOLD
2024-11-28 08:07:12,"96,334.20",49.25,51.0459,54.27,Bullish,游리 HOLD
2024-11-28 08:07:14,"96,334.20",49.25,51.0459,54.27,Bullish,游리 HOLD
2024-11-28 08:07:15,"96,334.20",49.25,51.0459,54.27,Bullish,游리 HOLD
2024-11-28 08:07:16,"96,334.20",49.25,51.0459,54.27,Bullish,游리 HOLD
2024-11-28 08:07:17,"96,334.20",49.25,51.0459,54.27,Bullish,游리 HOLD
2024-11-28 08:07:19,"96,325.20",48.57,50.3279,51.74,Bullish,游리 HOLD
2024-11-28 08:07:19,"96,325.20",48.57,50.3279,51.74,Bullish,游리 HOLD
2024-11-28 08:07:21,"96,325.10",48.56,50.3199,51.71,Bullish,游리 HOLD
2024-11-28 08:07:21,"96,325.10",48.56,50.3199,51.71,Bullish,游리 HOLD
2024-11-28 08:07:23,"96,325.10",48.56,50.3199,51.71,Bullish,游리 HOLD
2024-11-28 08:07:23,"96,325.10",48.56,50.3199,51.71,Bullish,游리 HOLD
2024-11-28 08:07:25,"96,324.30",48.5,50.2561,51.49,Bullish,游리 HOLD
2024-11-28 08:07:25,"96,324.30",48.5,50.2561,51.49,Bullish,游리 HOLD
2024-11-28 08:07:27,"96,317.20",47.98,49.6897,49.49,Bullish,游리 HOLD
2024-11-28 08:07:27,"96,317.20",47.98,49.6897,49.49,Bullish,游리 HOLD
2024-11-28 08:07:29,"96,312.30",47.63,49.2989,48.12,Bullish,游리 HOLD
2024-11-28 08:07:30,"96,317.20",47.98,49.6897,49.49,Bullish,游리 HOLD
2024-11-28 08:07:31,"96,301.90",46.89,48.4692,45.2,Bullish,游리 HOLD
2024-11-28 08:07:32,"96,301.90",46.89,48.4692,45.2,Bullish,游리 HOLD
2024-11-28 08:07:34,"96,297.00",46.56,48.0783,43.82,Bullish,游리 HOLD
2024-11-28 08:07:34,"96,301.90",46.89,48.4692,45.2,Bullish,游리 HOLD
2024-11-28 08:07:36,"96,297.00",46.56,48.0783,43.82,Bullish,游리 HOLD
2024-11-28 08:07:36,"96,297.00",46.56,48.0783,43.82,Bullish,游리 HOLD
2024-11-28 08:07:38,"96,297.00",46.56,48.0783,43.82,Bullish,游리 HOLD
2024-11-28 08:07:38,"96,297.10",46.56,48.0863,43.85,Bullish,游리 HOLD
2024-11-28 08:07:40,"96,297.00",46.56,48.0783,43.82,Bullish,游리 HOLD
2024-11-28 08:07:40,"96,297.00",46.56,48.0783,43.82,Bullish,游리 HOLD
2024-11-28 08:07:42,"96,297.00",46.56,48.0783,43.82,Bullish,游리 HOLD
2024-11-28 08:07:42,"96,297.00",46.56,48.0783,43.82,Bullish,游리 HOLD
2024-11-28 08:07:44,"96,297.10",46.56,48.0863,43.85,Bullish,游리 HOLD
2024-11-28 08:07:45,"96,297.10",46.56,48.0863,43.85,Bullish,游리 HOLD
2024-11-28 08:07:47,"96,306.60",47.22,48.8442,46.52,Bullish,游리 HOLD
2024-11-28 08:07:47,"96,306.60",47.22,48.8442,46.52,Bullish,游리 HOLD
2024-11-28 08:07:49,"96,306.60",47.22,48.8442,46.52,Bullish,游리 HOLD
2024-11-28 08:07:49,"96,306.60",47.22,48.8442,46.52,Bullish,游리 HOLD
2024-11-28 08:07:51,"96,314.60",47.79,49.4823,48.76,Bullish,游리 HOLD
2024-11-28 08:07:51,"96,314.60",47.79,49.4823,48.76,Bullish,游리 HOLD
2024-11-28 08:07:53,"96,314.50",47.78,49.4744,48.74,Bullish,游리 HOLD
2024-11-28 08:07:53,"96,314.50",47.78,49.4744,48.74,Bullish,游리 HOLD
2024-11-28 08:07:55,"96,314.60",47.79,49.4823,48.76,Bullish,游리 HOLD
2024-11-28 08:07:55,"96,314.60",47.79,49.4823,48.76,Bullish,游리 HOLD
2024-11-28 08:07:57,"96,314.50",47.78,49.4744,48.74,Bullish,游리 HOLD
2024-11-28 08:07:58,"96,314.50",47.78,49.4744,48.74,Bullish,游리 HOLD
2024-11-28 08:07:59,"96,314.50",47.78,49.4744,48.74,Bullish,游리 HOLD
2024-11-28 08:08:00,"96,314.60",47.79,49.4823,48.76,Bullish,游리 HOLD
2024-11-28 08:08:02,"96,310.10",47.47,49.1234,47.5,Bullish,游리 HOLD
2024-11-28 08:08:02,"96,310.10",47.47,49.1234,47.5,Bullish,游리 HOLD
2024-11-28 08:08:04,"96,321.30",48.28,50.0168,50.65,Bullish,游리 HOLD
2024-11-28 08:08:04,"96,302.20",46.91,48.4932,45.28,Bullish,游리 HOLD
2024-11-28 08:08:06,"96,321.20",48.27,50.0088,50.62,Bullish,游리 HOLD
2024-11-28 08:08:06,"96,321.30",48.28,50.0168,50.65,Bullish,游리 HOLD
2024-11-28 08:08:08,"96,321.30",48.28,50.0168,50.65,Bullish,游리 HOLD
2024-11-28 08:08:08,"96,321.30",48.28,50.0168,50.65,Bullish,游리 HOLD
2024-11-28 08:08:10,"96,335.10",49.32,51.1177,54.52,Bullish,游리 HOLD
2024-11-28 08:08:10,"96,321.30",48.28,50.0168,50.65,Bullish,游리 HOLD
2024-11-28 08:08:12,"96,328.90",48.85,50.6231,52.78,Bullish,游리 HOLD
2024-11-28 08:08:13,"96,328.90",48.85,50.6231,52.78,Bullish,游리 HOLD
2024-11-28 08:08:14,"96,304.70",47.09,48.6926,45.98,Bullish,游리 HOLD
2024-11-28 08:08:15,"96,304.80",47.1,48.7006,46.01,Bullish,游리 HOLD
2024-11-28 08:08:17,"96,304.80",47.1,48.7006,46.01,Bullish,游리 HOLD
2024-11-28 08:08:17,"96,304.80",47.1,48.7006,46.01,Bullish,游리 HOLD
2024-11-28 08:08:19,"96,304.50",47.07,48.6766,45.93,Bullish,游리 HOLD
2024-11-28 08:08:19,"96,304.50",47.07,48.6766,45.93,Bullish,游리 HOLD
2024-11-28 08:08:21,"96,297.10",46.56,48.0863,43.85,Bullish,游리 HOLD
2024-11-28 08:08:21,"96,297.10",46.56,48.0863,43.85,Bullish,游리 HOLD
2024-11-28 08:08:23,"96,292.60",46.26,47.7274,42.58,Bullish,游리 HOLD
2024-11-28 08:08:23,"96,292.60",46.26,47.7274,42.58,Bullish,游리 HOLD
2024-11-28 08:08:25,"96,290.00",46.08,47.5199,41.85,Bullish,游리 HOLD
2024-11-28 08:08:25,"96,287.50",45.91,47.3205,41.15,Bullish,游리 HOLD
2024-11-28 08:08:27,"96,287.60",45.92,47.3285,41.18,Bullish,游리 HOLD
2024-11-28 08:08:28,"96,287.60",45.92,47.3285,41.18,Bullish,游리 HOLD
2024-11-28 08:08:29,"96,292.10",46.22,47.6875,42.44,Bullish,游리 HOLD
2024-11-28 08:08:30,"96,287.60",45.92,47.3285,41.18,Bullish,游리 HOLD
2024-11-28 08:08:32,"96,285.40",45.77,47.153,40.56,Bullish,游리 HOLD
2024-11-28 08:08:32,"96,285.40",45.77,47.153,40.56,Bullish,游리 HOLD
2024-11-28 08:08:34,"96,285.40",45.77,47.153,40.56,Bullish,游리 HOLD
2024-11-28 08:08:34,"96,285.50",45.78,47.161,40.59,Bullish,游리 HOLD
2024-11-28 08:08:36,"96,296.70",46.53,48.0544,43.74,Bullish,游리 HOLD
2024-11-28 08:08:36,"96,296.70",46.53,48.0544,43.74,Bullish,游리 HOLD
2024-11-28 08:08:38,"96,296.60",46.53,48.0464,43.71,Bullish,游리 HOLD
2024-11-28 08:08:38,"96,296.70",46.53,48.0544,43.74,Bullish,游리 HOLD
2024-11-28 08:08:40,"96,296.70",46.53,48.0544,43.74,Bullish,游리 HOLD
2024-11-28 08:08:40,"96,296.70",46.53,48.0544,43.74,Bullish,游리 HOLD
2024-11-28 08:08:42,"96,296.70",46.53,48.0544,43.74,Bullish,游리 HOLD
2024-11-28 08:08:43,"96,296.70",46.53,48.0544,43.74,Bullish,游리 HOLD
2024-11-28 08:08:44,"96,296.70",46.53,48.0544,43.74,Bullish,游리 HOLD
2024-11-28 08:08:45,"96,296.70",46.53,48.0544,43.74,Bullish,游리 HOLD
2024-11-28 08:08:47,"96,296.60",46.53,48.0464,43.71,Bullish,游리 HOLD
2024-11-28 08:08:47,"96,296.70",46.53,48.0544,43.74,Bullish,游리 HOLD
2024-11-28 08:08:49,"96,296.60",46.53,48.0464,43.71,Bullish,游리 HOLD
2024-11-28 08:08:49,"96,292.00",46.22,47.6795,42.42,Bullish,游리 HOLD
2024-11-28 08:08:51,"96,292.00",46.22,47.6795,42.42,Bullish,游리 HOLD
2024-11-28 08:08:51,"96,292.00",46.22,47.6795,42.42,Bullish,游리 HOLD
2024-11-28 08:08:53,"96,292.00",46.22,47.6795,42.42,Bullish,游리 HOLD
2024-11-28 08:08:53,"96,292.00",46.22,47.6795,42.42,Bullish,游리 HOLD
2024-11-28 08:08:55,"96,292.00",46.22,47.6795,42.42,Bullish,游리 HOLD
2024-11-28 08:08:55,"96,292.00",46.22,47.6795,42.42,Bullish,游리 HOLD
2024-11-28 08:08:57,"96,292.10",46.22,47.6875,42.44,Bullish,游리 HOLD
2024-11-28 08:08:58,"96,292.10",46.22,47.6875,42.44,Bullish,游리 HOLD
